customer_id,name,age,gender
1,John Smith,35,Male
2,Emma Johnson,28,Female
3,Michael Brown,42,Male
4,Olivia Davis,31,Female
5,William Chen,45,Male
6,Sophia Wilson,27,Female
7,James Taylor,38,Male
8,Ava Miller,29,Female
9,Benjamin Lee,33,Male
10,Charlotte Hall,36,Female
11,Daniel Young,32,Male
12,Grace Moore,30,Female
13,Henry Clark,39,Male
14,Harper Lewis,34,Female
15,Isaac Turner,26,Male
16,Lillian Scott,37,Female
17,Jack Walker,31,Male
18,Mia Baker,28,Female
19,Noah Wright,41,Male
20,Penelope Hill,29,Female
21,Oliver Reed,40,Male
22,Riley Green,33,Female
23,Samuel Cook,27,Male
24,Stella Price,39,Female
25,Thomas Hughes,35,Male
26,Violet Wood,30,Female
27,William Ross,38,Male
28,Zoey Cooper,31,Female
29,Andrew Brooks,29,Male
30,Bella Ward,36,Female
31,Charles Long,32,Male
32,Chloe Foster,34,Female
33,David Kelly,26,Male
34,Eleanor Reed,37,Female
35,Frank Brown,30,Male
36,Gabriella Cox,38,Female
37,Harry Davis,31,Male
38,Isabella Wood,28,Female
39,Jacob Hall,41,Male
40,Kinsley Hill,33,Female
41,Liam Reed,27,Male
42,Madelyn Green,39,Female
43,Nathan Cook,35,Male
44,Olivia Price,30,Female
45,Patrick Hughes,38,Male
46,Quinn Wood,30,Female
47,Robert Ross,38,Male
48,Savannah Cooper,31,Female
49,Thomas Brooks,29,Male
50,Victoria Ward,36,Female
51,William Long,32,Male
52,Zoe Foster,34,Female
53,Alexander Kelly,26,Male
54,Amelia Reed,37,Female
55,Benjamin Brown,30,Male
56,Charlotte Cox,38,Female
57,Daniel Davis,31,Male
58,Emily Wood,28,Female
59,Gabriel Hall,41,Male
60,Harper Hill,29,Female
61,Isaac Reed,40,Male
62,Jasmine Green,33,Female
63,Kevin Cook,27,Male
64,Lily Price,39,Female
65,Mason Hughes,35,Male
66,Nora Wood,30,Female
67,Oliver Ross,38,Male
68,Paisley Cooper,31,Female
69,Quinn Brooks,29,Male
70,Ruby Ward,32,Female
71,Samuel Long,36,Male
72,Scarlett Foster,34,Female
73,Theodore Kelly,26,Male
74,Valentina Reed,37,Female
75,Wyatt Brown,30,Male
76,Ximena Cox,38,Female
77,Zachary Davis,31,Male
78,Amelia Wood,28,Female
79,Benjamin Hall,41,Male
80,Chloe Hill,29,Female
81,Daniel Reed,40,Male
82,Emily Green,33,Female
83,Gabriel Cook,28,Male
84,Harper Price,39,Female
85,Isaac Hughes,55,Male
86,Jasmine Wood,30,Female
87,Kevin Ross,38,Male
88,Lily Cooper,29,Female
89,Mason Brooks,36,Male
90,Nora Ward,13,Female
91,Oliver Long,73,Male
92,Paisley Foster,25,Female
93,Quentin Kelly,26,Male
94,Ruby Reed,37,Female
95,Samuel Brown,30,Male
96,Scarlett Cox,38,Female
97,Theodore Davis,31,Male
98,Valentina Wood,28,Female
99,Wyatt Hall,42,Male
100,Ximena Hill,29,Female
