product_id,name,category,price
1,T-Shirt           ,Clothing   ,20.9
2,Jeans             ,Clothing   ,49.9
3,Sneakers          ,Footwear   ,79.9
4,Backpack          ,Accessories,39.9
5,Watch             ,Accessories,129.9
6,Smartphone        ,Electronics,699.9
7,Headphones        ,Electronics,149.9
8,Sunglasses        ,Accessories,29.9
9,Skirt             ,Clothing   ,29.9
10,Sandals           ,Footwear   ,39.9
11,Laptop            ,Electronics,1299.9
12,Jacket            ,Clothing   ,79.9
13,Necklace          ,Accessories,19.9
14,Camera            ,Electronics,599.9
15,Dress             ,Clothing   ,49.9
16,Running Shoes     ,Footwear   ,89.9
17,Wallet            ,Accessories,24.9
18,Tablet            ,Electronics,399.9
19,Sweater           ,Clothing   ,39.9
20,Boots             ,Footwear   ,69.9
21,Gaming Console    ,Electronics,499.9
22,Earrings          ,Accessories,14.9
23,Printer           ,Electronics,199.9
24,Pants             ,Clothing   ,34.9
25,Perfume           ,Accessories,39.9
26,TV                ,Electronics,899.9
27,Hat               ,Accessories,9.9
28,Shorts            ,Clothing   ,24.9
29,Running Shoes     ,Footwear   ,79.9
30,Smart Speaker     ,Electronics,149.9
31,Bracelet          ,Accessories,17.9
32,Fitness Tracker   ,Electronics,79.9
33,Blouse            ,Clothing   ,29.9
34,Sandals           ,Footwear   ,29.9
35,Wireless Earphones,Electronics,79.9
36,Suit              ,Clothing   ,199.9
37,Backpack          ,Accessories,49.9
38,Tablet            ,Electronics,299.9
39,Skirt             ,Clothing   ,24.9
40,Slippers          ,Footwear   ,19.9
41,Smartwatch        ,Electronics,199.9
42,Ring              ,Accessories,39.9
43,AirPods           ,Electronics,199.9
44,Hoodie            ,Clothing   ,49.9
45,Belt              ,Accessories,14.9
46,Monitor           ,Electronics,299.9
47,Jeans             ,Clothing   ,39.9
48,Handbag           ,Accessories,59.9
49,Camera            ,Electronics,799.9
50,Coat              ,Clothing   ,89.9
51,Running Shoes     ,Footwear   ,99.9
52,Bluetooth Speaker ,Electronics,79.9
53,Necklace          ,Accessories,29.9
54,Laptop            ,Electronics,1299.9
55,Dress             ,Clothing   ,59.9
56,Sneakers          ,Footwear   ,99.9
57,Smart Home Hub    ,Electronics,149.9
58,Wallet            ,Accessories,19.9
59,Printer           ,Electronics,249.9
60,T-Shirt           ,Clothing   ,14.9
61,Sunglasses        ,Accessories,39.9
62,TV                ,Electronics,1099.9
63,Skirt             ,Clothing   ,19.9
64,Watch             ,Accessories,99.9
65,Tablet            ,Electronics,499.9
66,Sweater           ,Clothing   ,29.9
67,Boots             ,Footwear   ,59.9
68,Gaming Console    ,Electronics,399.9
69,Necklace          ,Accessories,39.9
70,Laptop            ,Electronics,1399.9
71,Jacket            ,Clothing   ,69.9
72,Camera            ,Electronics,699.9
73,Dress             ,Clothing   ,39.9
74,Running Shoes     ,Footwear   ,69.9
75,Wireless Earphones,Electronics,59.9
76,Pants             ,Clothing   ,29.9
77,Smart Speaker     ,Electronics,129.9
78,Bracelet          ,Accessories,24.9
79,Fitness Tracker   ,Electronics,99.9
80,Blouse            ,Clothing   ,19.9
81,Sandals           ,Footwear   ,24.9
82,Bluetooth Speaker ,Electronics,59.9
83,Suit              ,Clothing   ,179.9
84,Handbag           ,Accessories,49.9
85,Tablet            ,Electronics,599.9
86,Shorts            ,Clothing   ,19.9
87,AirPods           ,Electronics,169.9
88,Hoodie            ,Clothing   ,39.9
89,Ring              ,Accessories,19.9
90,Monitor           ,Electronics,249.9
91,Jeans             ,Clothing   ,29.9
92,Belt              ,Accessories,9.9
93,TV                ,Electronics,999.9
94,Skirt             ,Clothing   ,14.9
95,Camera            ,Electronics,499.9
96,Coat              ,Clothing   ,79.9
97,Running Shoes     ,Footwear   ,79.9
98,Smart Home Hub    ,Electronics,99.9
99,Wallet            ,Accessories,14.9
100,Printer           ,Electronics,179.9
